<application>
  <component name="AndroidLogcatFilterHistory">
    <option name="mostRecentlyUsed" value="package:mine level:error " />
    <option name="nonFavorites">
      <list>
        <option value="package:mine level:error " />
        <option value="MicroMsg" />
        <option value="2022-11-03 18:13:00.991  1467-2931  OplusAppLi...eptManager system_server                        D  shouldFilterTask::packageName = com.tencent.mm " />
        <option value="package:mine aaa" />
        <option value="package:mine" />
        <option value="package:mine " />
        <option value="package:mine -tag:HttpConn , -tag:ViewTrack" />
        <option value="package:mine tag:aaa " />
        <option value="package:mine -tag:HttpConn , -tag:ViewTracker TLog-watchTime" />
        <option value="package:mine -tag:HttpConn , -tag:ViewTracker" />
        <option value="package:mine -tag:HttpConn , " />
      </list>
    </option>
  </component>
</application>