<application>
  <component name="SettingsSyncPlugins">
    <option name="plugins">
      <map>
        <entry key="com.xiaxiayige.android.parcelablegetset">
          <value>
            <PluginData>
              <option name="dependencies">
                <set>
                  <option value="com.intellij.modules.java" />
                  <option value="com.intellij.modules.lang" />
                  <option value="com.intellij.modules.platform" />
                  <option value="org.jetbrains.android" />
                  <option value="org.jetbrains.kotlin" />
                </set>
              </option>
            </PluginData>
          </value>
        </entry>
      </map>
    </option>
  </component>
</application>